Player Name,PUUID,match_weighted_average(%),match_result
T1 OK GOOD YES,TEw5q-0eYfgQaxTZ8i9GIe2RmrCpv964ds400eSuxRKizO7UqprIe0-kf3rTbocBwaaCJGUUjQQf0A,48.02033333333333,True
AatREuS,MVnSyfvRqzICkRUzC_uSYVzQMko7OuqB3TVSCJ873-v-tRV8t3oGzWSAp7zwSsXQ9WpoV0q8-bLuDg,59.8005,True
LoveRin,dw8zKXnzImUkHcLeZuCDbZZ0JjD3OKIIlWC_w35GaBpDXMcPTlB02g1nj42X5n8SrOjiprjcDVJ48Q,51.900333333333336,False
不心动,YCP0LNs1Vh5PtAGHtzrjAurz-lOdSsMJSouXNWtTr8mb-3j5tSqh3UELBqXMVUco5xyLxHEHF769QA,49.23233333333334,True
Miyamura Izumi,Nuzi6g38EHIr3Tf-0QB8iDVu1MKWg3Ww9_UW8vv9jE-K7mmwvH9NcuATQWEroIB3_rm93inyUJvKbA,49.319,True
Mizli,C7eVqVeAVC_aM2FuuDQoCX_UwE8jByhgY5xLA2ZOncw9OkJRRx3lMdKJwQyWxuZXsvjKK-mmEOO6XA,44.928999999999995,True
God of death,Wz-3utOOqjCMp9oxWD4ameXlroNjxgM_EYH4BTFlTK5qVmqVMRXZvh_S-WjqSbyNZ9bRZ6JoT5VQEA,44.37166666666666,True
Invent,9apdBOKeFVSkmn0Mowl46ONkdioxnZTrkM9o9CSWeqwJUcx9gduC1gINJo-NczChRtTrwii-HdlxMA,50.92059999999999,False
Equinox,nGqcXpru1riSnAoBJ_i5LvAdxq1z3UGcQvGITLJarf2iSfXix8qZKr4iUpAWwCIOdjBjEbPEQYF1NA,50.312,True
Psycho Wand,l7AMjAMmvpUb2Yg5ZVRjtM9aSXqjqw39t-T_poD1drJSY0cEwLsU7YLmbjvOW4xZw3YgjvOhkK7FZg,56.339999999999996,True
Viya,UofuaW_kuYZUc3iFV0nejhe5JrBe4-1Cz4FeG-SjEBecAhK93yzV02GCb5Kw3cPSpq2JD8g8EZ4seg,48.313,False
Sheiden4,ZwUWk7_NPV494i0dcN-07ZbylRscSsNHUhbT6oxeqOnj21cWM_miv4Wxxp9GIyZbT-rXihtKCrPFog,53.02833333333333,True
silver,18o806PREk4pfqz_P8vfmVdepmfomw8wry841-HfzXRYO25V0xxYAsCituAUQcXHX9XlKArE2YK3_A,50.015,True
Miracle,CIRX2vDmMODNtjKyodrOjJqA8R87DtEcdgxh7spm7D8gKYdlmaTuQZE2ggJA-jb3J0DOCHWnHKBydQ,47.357,True
Tenacity,iqp98j3hlLxvfcXQJgMZJyHKf2ZBsUq9QfXosfwkUdh5z9a9-DM7p8LM4jNDkVs4fayy2lX7ffFEGQ,56.114333333333335,True
dwade,eIbOt_97zjjzIVibOIjiU7gby_-q_A3HRODejUgbSQn1fenTLR4jbuCSm4Y_L-SSs_cJdY3vHiqPbg,49.236999999999995,False
all i want is u,s5YUItFL_WM10hH4BOWJAbO4A6XOXUD34a5LY1CFRu6hZdwdtqZEEwckhL7-wysjKdWo07tUN4Aurw,41.626999999999995,False
randomlydie,NaPDi6xtzC_T5vh5axADxYC0qR1kae74WDVXvWonaXi_CguvbVKCZcZzFKXMbwKW-UcNP3pJ_a5UNA,53.656,True
free isr4el,92oIEaheGz40aqiXpanlMD7JLy1005OAtr1cGnL-8Lkf8HdhC1EbkL2m2Jl-w6gETVRQjG_mcrYNuQ,49.694,True
Its Kami,KtONwM69EVOgvf7HdMChWzMuWprASA_toWcsBZL0J2wxP5Bhwz5jPGRpiFZebN4tL8otYcu79AQKFA,47.117666666666665,True
IlIIlIlIIIIIIIll,61ENU-fjyAayTlPvTmSrErtRJaR2niCMQMjelSORWmUnWprpf1AJi1a16F5-cAkpJCRmreZ4wVubJg,57.60979999999999,True
Boy Wonder,UYFCtn6J7qUI2DeifjF6F7Xy2i57TtiXSPzCikIeu7pq0D0C8ThePcFQVW6gYmrBU9VMGioMWIKR-g,55.404666666666664,True
Urek Mazino,kwbh5e6RQ8CkqPoR_ooJs5FO1lwsr4WnSrdC0foOj1l21Pbfb0dHm8eke-42i12MZ4SllBPlHSdmWA,40.275999999999996,False
merrjerry,kCkNodq58dMdAz2DyBjP3v4N3ujRuH2SYlOy21UcwtFK6iYrRGZZgnE8ZvnCtX3W4EU-kl9N6geYvA,56.0564,True
幻雪y,NuE4R07t1x9ITFAPgb26NDlEO80pZcUgywGvk8UjsZqoxWvREWKkCkN5yE7Hjk0nc9-Sv9rZdugg8A,55.754333333333335,False
rovex7,v8KOLaBmT23_qq6bOwHZZNubKrte045SRTihhhWV1UBOquRV2Q9a2Z4XcbhxoE8yZ7hjv0-u8kHxvQ,49.802,False
100 Sniper,Atk60pg1Md4XUQRbzGVWg_Tx301NqhwcJ3PxWgRd2wMxix-gXJeVq6YnvixJVTBFSOXUxoXxWPWL-w,39.075199999999995,True
Karasmai Kayn,dTUOVbH5JpV070eSlZzHrjTzvgPD68lnyJuXidYhuqFDNOQgrappZ18S_dJgwxKnZZ4v6Gc_lcRu5g,50.829,True
trance enjoyer,Jo6yaVWg3UfTEKBWWcyP_q2V-vdPWFFbvnajzNPBUAasCcmI09I3wqasxepaoS0Oq3yuitjrU13PIw,0.0,False
fas2,C_yCmWr35V9g5Y8Wtm6W28bnEBPHOm0TlZdjcCgjGsI28hZhr9EvIV12GL2W0S__Ul9tbK_ZIS6wwQ,0.0,False
EPSILON,wfKCTtgLQSlDGJ6NafD92X-3RRVflgTeDUDKrNRk4dQCFttzIbSBYGScMzJIN5bgokiI6gbmLPrhEA,45.29933333333333,False
ttvLancelotLink1,99khQoH6JpDZSH7saW6uFtqTSB2mHK5C5ZjAOnNg9vYYR8pgnJaK6JXrVZOgaMi7Iz3NKOYkWJBB9A,56.470333333333336,True
Spica,2kpaIgsZxFW_Wbnm1Lv6uKblvUDV6tfmRY3MupL2Mag0Zq6HfTzVvlyW8KXa7Kum3AQOkTnUF9bq5g,49.311499999999995,False
Corr,nMuxE3DzNQ72owvroWupi1NMP6uvd0sgIYvaOZcaRtW_kt0HJFVJx_zX3vFz8n0hQjbmqXciaIBm5Q,49.980000000000004,False
FREE PALESTINE,fTqs8mGltauZ0d4DONFzPGlOqXN6hqtjvoDbs41Mlgn6k4NWrQKVAjJoq2X2VagLSZ5TGQAQof3FAg,46.162499999999994,False
Bristle,EC1G8K5VNFDE67E7FlcBSDKxmia8kqeFrM8lxKYxyhd_wJ_Vqv_sbP1do-_1KHyekPOLcwSfX1uccg,51.117749999999994,True
Pobelter,JzMahgagFOytP9lVksKSOtFjG5pJz23Rf0fiA7cF0DBIyaeIMJYChm-9V-XoijQRJ7BL8X1W-gb0_w,52.099333333333334,False
Tigris,1syVeygaCQfj4ovJSEuhNT6zvvFgAK-oUwCtBZ4IhT1GIhCNUXJGSsCEnsbhkkOnBANkRVpp5M4bDQ,51.589,False
Madara,XGLSlg476foHCn5udQzhq0x6Ht2COF6eoGODo1OsRK0CuOmBISBS6XbN3c_LV9D_INTpQ4b6i4ooHw,46.73474999999999,False
Tactical0,oQh0lDDZu2ZkKP_OpFcSvWfQXLdR2DaerziSjOd3wHBnnwNJ30Der0jbs7-iDwDR9crMg1mLhT-ejw,52.019333333333336,True
L9 BiNLADÈN,xkEChDTEvFRkBTtfp1WHMYqIQFgMzTIbYuGSKxfYVAn4QfIvyabGj48j8aYAKE4GZRldrfnjdgUquQ,48.99975,True
garbocan,U50NqO-xunlzJWVGg2mTn7MByTkbYBMnf0fCvN3xdcKHcZsHhYwcnrjXmhWhG1c8rFT1pxtCOErIqA,46.967749999999995,True
Esungmin,8wtK7pchtWBGUYBYXWxB1jfgGtlYEScqoCAeLxb1HoGBYEYbW-vyJImDa3YQkC2iHHUGO0NYXjJtsg,46.775666666666666,False
Where is Osama,xhGdssGT6Ip2GzQKewhRLw4Si9TMu12sjVvNYwdsFsI7C-x30ZW525taIAOWP71GcLWDC2Zm6rCVpA,50.638749999999995,True
twtv lolhans,RGcNgfJA6UKEB2bPph9mfENBy2yIlI6YSPlKMM7ndRL1tkYkyxVw98Y3trfPG0yBjlrOKCKHyRVe4Q,51.861000000000004,False
Sheiden1,9qI7nOaKjxBXGOUt-2nG7VkdvCstHryMQYc91t2iHKbsR-KE3Njx2tQiSBpOo5fypY8-atMUSh4VvQ,54.67766666666667,True
ToastyAlex,IuisTClsilbPqZOMd3U2TdYJww0GAro5qgEmEyNB6i-cHFFua735snxAfG9FVAd6e9uY37PhWyS51A,48.544999999999995,False
Breezyyy,uCqbFEX9Ce6BVblLepz_GF3IbIfseQQemveH039O-bqxz5bAFGhZtf2MFnWReCZrNDr5SmME9CNNHg,53.443999999999996,False
F9 Cudge,UHH2DKtgWs_QeOkr5aQRqWNHKiQFPyrG-dN7gO0Q2biBLvqDpTLtv5lVSLBCv1VwHMZgR9KijU0_4w,51.32366666666667,True
ba1d4382-de25-4d50-ad67-7cd24b17dc97,qNcIOYr8CiSnhNDVF9E9pJX_jgBETZ1iYG3tECKBD0OGTf-Toz43uVZDNM-pELGQYvhsAwR2VKJsxQ,44.03066666666666,True
Dcatal,f13zAoLxbsL_Zvm8WiWOl-fO9TSw5jab3k6VkMOk1zCdluoNfsI8Zq4ar3WgbAEG5ri5ZGjWBCT1HQ,52.931,False
xXboomer305Xx,hNIbKorN39ZLOMPFtCJ33K0vFBtIigRDfmOrJbYwsxqhjnPYyL97cT9s_oNOL_UW2nSUKk66kLigYw,47.3255,False
Quantum,O-Eq35ni-jS7hNDnG9anjm8JoH_QeLDx2M2ViHaKvLbH7klKqRIndgsC99-TTrXMmvFM6-DT25w28g,57.946666666666665,True
blaberfish2,NuZ_Ljh1zwho4s0QMPvwUxXYZs2Rab8wXQOGhTttp9zNhtwAYGH49aYMPjAmyIsQp1qDYTQciXQ9Kw,49.43675,False
소년가장 원딜,F7gtqBAdNuS5dGZgc3g06dPC03R379Bn3cZelgbBKzoL6h0hGjdzT_8zRs7l3h3iMaDIeU8LkzbW6w,52.18275,False
Lobunny,hCLHNi4U6TzIjZmts6O8HWqzap5OkI4PKgVriU3yy17l6dBTacX6nCCICU5MKff516-cbVR04zGCEA,52.27133333333333,False
its my way,jhg06YVIoMg1uw5bLYp1YJogWM5M7JzVV8DDdjlvlsVFtunN7QrW9m10PKF7613JBsX9LrZKhlHK0Q,49.04925,False
LeDouch,0C3iQh2fJ6mw9cZK3m2l4ID8uB1Te2CfmdHEbvcYHhBHZBCpju7Wj3rm60GHs0ckYE-wdZH5jFFzHg,51.3975,True
JackySan,NMFKHqvYgru4OvSjbI4_PzSSWmPAldmuztdT4GzORZ8Lv7335mMmVQ-dGM8TaAiPU_TSlZufyvRtOQ,51.73833333333334,False
Martir,DW4-WnK_evG421pDYOcjLOUBqJLY4hWaGaSstZXdo65NVpO0fHZkJNshuPI-36yuO5r8r0NFG4lQJQ,50.238,True
Swordsoul,UwElrzD9hzMxqlb2QXlTpqeNGXZvnN5KYr2pSFq02B_YQ44r2lo9ezFw8FjUjJsbyrtHD1sGaozCew,41.284499999999994,False
Sword,k58iZh2GCydqqwo5nW5_HayW7unkW5KuBkNNIz50ck15cGugopm2rs4Vzrh55nG-2Vv0JtO2rE7-3Q,50.903999999999996,True
Somnus,QQ50oh7sAFvmkuX5Knpl4c5Q4ea5YHOkTFJOz08SEKUQSQOj3nsOTSyBPcy9SVpp-jIT4g8oYZg63A,53.931,False
Legacy,4YxmUzQPnILhNoNwPUFtU65AcGFWJbPOvAIYjjgblIOAaxom3A1hpSoH8mPlnTCc628bkuh3HMtTPA,43.516,False
Support Fulldmg,cdyedofCWkIGvLLvEQFJrkSbxOkJZqi-Kvl5jz8mQcdczhZFRcoTEwHlzBOYR3sxhSNT1WvQUjzI7g,43.351,True
Reppy,uSSnft3s-_adxtrrPzM-6D3CGtea4BPfTR3daIKjtZApiLfDLMyVWrtYeDHa4SZIP1zvU8WUyLSh2A,47.20666666666666,False
Bit By Kafuu,gxSggRFJtDPodrnRX1PDN4z-HwUr7Ua_wew7hASIa6BzNYCqZmgPe50NvbkXqna_5S1_OW9szrJ-tQ,49.04674999999999,False
eat õreo,R_TLH6eOiFN7k-YSVoGeDaCko6HuraPvCDhncCvm6Jz01AahDaorG_Gf7YpzfWcOmvHIt21jGDui9A,43.289500000000004,True
Add me if lost,DdJjAQ60rqlMbIQLcVj3T14qQUvdX8oss9B8b4XcNbIh1cNDmSNEbqIt-f64yw2keG8IoI84mXsbsw,62.331999999999994,False
Toastea,dcJDkEW9mqwVVIitAOXgn2UWmNdecMfzT8elENd7PZvQ6-0FG5W10O_JZ6rndaHbkof9zXTHDuYhEw,48.4945,True
wood 17,xPfYOQ0RgYho8C-84zzY8ZpZbfOGV6Ja4gFwdgwSZHKw8MV8Iy7YmNEcV6ApYDgtFhk-z9M4xNT-Mw,51.15149999999999,False
Kriffi,49DDHr7tEubL5gsl56tFaUXDP0rm55w-TcmGkVNpsHM8J4cvYN2pWQ9JqeqGA3DyB2pbpSJt2OkakQ,51.44,True
vemboy,9HgruhnCz6pj-zk2fqwa8CGihKAdfdPYAIzPKq6gEZ36gVkDPjnOknlATQIn6EmVdQ4iPtnCcJL9og,61.614666666666665,False
BoricuaBean,4EcjYVgouzQsGIPVCAW_85wUObKt3Njk3fTq-bm4nkz4m3EkHUGB6iqR9aHxMeK9KTEkH1C4MmC6aQ,54.489666666666665,False
나 비,ixcF7aVUJGAhKE-QlR_Jvxo3-17NkEn2RS3YxlEUNQtCqETSReCtZ_cQTv0CYUMAhTx8vMaT4OdJoQ,57.46333333333333,True
goodmid bAAdteam,GWek0jcYvikCMRNZFlj23OfFxzWIFF5wWCVHh3oRDOwLI_56RuMjYq2oxI6Ne6rj8-S_OGURlT4pqQ,64.168,True
MechanicalPlayer,WE7SF7oF_5H5m5swbL_7PepTJF7XBkesTrhDoxdBAR1PeYsBW5XsMGoP8Hywc6_2SSZnZIZK6m90BA,50.39525,False
Verdict,ub4yj8VrG_jyMAqTqUIgoRcTHzKnfmTPcLJJOaBDtFTGIiG5WWTfUp7hBzM7xxXvPSUqfTVSBfvOHQ,47.94,True
White Snow,GzVOh-FHa_KK_4U7wk6jgDmMFtrZ1qg3wFMtUHn0qPVpwgJoMxTI3sKdJa_mdTsDHtkXER8ILeLlSg,51.816,True
Fallouch,tQNfQ44UJzhvYax474giZfQ7WiQ33Ev005TE3vayQt2xWFsb7m-xyXy975iUP-6qCeDYD0V7E_vfxg,36.842999999999996,True
Good to see you,LHS8ojNPgy-IclVYFT1lv-ENnh_mXdFcPj5SYhExNqiiV7ws8XeGuWxQorqqzL1q1nlTep38qCwz0g,62.55733333333333,True
Kurfyou,6g1W28Db46K8kH_mgzjGM4cs0Bz2ZFFQchi_6zW58q4ddXpHXVZV5-kt4oIic_YzKWQ5KzOkrbB7WQ,49.923500000000004,False
CalgaryBeef,KUDGFszpr_TjvOkZPW8PJbf92LQgWlsUzjaqMfgOGA20QHF8957-TRMrpqLrrcBVTZ-SskTGBJza7Q,43.3575,True
odium,rYngR6dRcXK6AX1pz6GNvSj5Y8B9Voxn6xxLwJWHDAZ0I1CfAabOzbQ6rZdWw1JxcQxAi2a9U6aGKQ,52.355333333333334,False
LL Stylish,zIS0t18pYZWd8LZBMqmYwHiD9e-7PcJYjbMZ8mNi3Ezt42VPq7DssHMjBpaoQ1UZwvkW0_jkCGkutA,46.160999999999994,True
JomSoYo,3r2eNXB1RLVOXcmZF_rZpS3Wj46jgjqOxOEvy4SHNIBxSKaaRpGddMgXVNjUVU2chFCqCAFfaYrA9g,49.367,False
Ambition,21mQtS_fZrB1hIR5Qb-lwQlcIjqZOezAMavSZY0Ikd3o50u_N2v2HiL6nMcfs6jWim1nCNLKD68ARw,48.89833333333333,True
picapica,ntry7ypc2Gk76813F2Zb2uLr2l1cWltqsRw3d5goC4d0eMoIg1HoYwXc-AxK0_2xVwdeKrAwmIPS3Q,50.782999999999994,False
Toothbooth,QUT4xO4ceA1E4LrGFQbQ8WzPW1UMU5qMhZ3Ws5I8sKXgPOaaA67H-gi-Inkv2PZ24yYnxCu6iKTcMQ,39.521,False
Denathor,wFS-xucHkp8WeHBMkP--93Bk_pJ8PXg9dLJhyIQUAu7yIiOH1OgSRAg4uGchukQJCwYbkSf5uyvD7g,58.97099999999999,True
1K Gaming,C90l9AOK9zYTMpnNFjwhVdnaWoNTOUmmvLDh7jFbXVSwnCUAM3JiU5bRB0qjEmkzKbguTV6jlU-XTQ,52.57925,False
syeu,s6ujEqxn3gShZi9Dhg7n7Ex84s1w5iEXrTeL9-gpnJwzdz6UTJWmLi5tME0xLnkxJgDtFruY7wm3SQ,46.259,False
MHR5G,Xjxv3O0NSGArO3uXJEJ-unpfiQTDqpSgyOouuCCpP5Z_AKCsfdLqQu0WWoMd2ApXRjpKYAjW91DzEA,0.0,False
Axwerbit,bv_r6ikb2Urp6O40eUbZC-w5W0osUCljPOdLTmVNproi7RUa6igZpjsXV9iU_E7811Gw7AQZAbhDhA,54.7194,False
抖音TonyTop,B66ehCoM3SpZUB4KL9iCqQ6nVAz-KmhLjHphSfy0R4Eq8iqBoifDZpX_FXjmspdVLw9fUL_blTDgwg,50.141,False
FLY Bradley,KOGZU2Hbnf44zQf4ND0-2-YMs_7Ni_mWUdSMxIYvR1TXpXoNYKmOut--vFqCDQoF4OiYUP0gLYwhwg,61.636399999999995,True
Azalea,5WZ6wQuXaEQ1YzA4rucJ1Z0uXLxVyqPd0CilOciOXZor0Cv2gv9b2AvfGXUPbDInAP4JswmNYxKr9w,65.94200000000001,True
FeetMaxxxing,RXmei7lpzRepvZmt-T0tIqRESMI9KCb2HfXl4PlVrOjYbtQ1jPIpLYUk-XhlC7NkQ7VdqUrEzk_k6g,49.15233333333333,True
agony,sO5qLh6fEWneyej9RpxanJiMqZvkMUuwcH8SJwWdtT3gwud1PDPSa-ERUwdnNd0vdogLjBD5P3R2PQ,54.47025,True
Idare,aYJ-F0rwiqvxXpehkhrIEU0W6NfDuBFH1FkYQYefT03aRJXi64Sl3KNfKAeMisU1Np3E3oT7XMbU_g,48.214,False
Hot Eboy Xerath,-ScTjpFRawa4EgAThNgQcAWsa_rs4EnBo45MnlJ0JSN7JpY0fMS3q0x1pjOQBfakS0O0XpeRxFRCwQ,53.373999999999995,False
ioki,Gnj9qGulDUcjQ-4w1B2QQ7y48z1MvgfNBXEP0-ZT7TkttbyJfeyK4PuDc9otr-GDL54hJkiGWsTyvg,49.27499999999999,True
Kaitayy,CEzVBjjqiHC7moU2NyhkUv8ytYSa7rxVMYqAjsCZCNserkkAzYCoYLAFh2pDQxzwa5iEhpR-GDDuBw,50.236,False
Tiktokterry,azypOrYiC0M3RLwkYPAMxX-nZsClDhryPMgm5kAJN5l8BUFPtgUxbirA2UrDEu2Dp6cIuhgFFN1qBQ,45.44633333333333,True
Mànco1,oOtbOSP8svB3BxPPIzYreLGWM4oSCO7vdlJaQPxImgsqJtD8LVxfNTL-7pM8kvTG7cp6fgLi8WG4OQ,49.589,False
twtv sxt svn,qXoJ5ID9gP6Kbc4kmrBPAmsGh5vBmqVLXY2KJYkXnofSZqjv3t3H9IMSuXqLdHxCjfyq_SdD8bY4fA,40.81733333333333,True
LiL Pow Pow,BkAgKkV3KpnWkHC2U2RY8rV38y5czvXtuyokfnY7bxepmwK8mv9nwtzKavK6NNpZZdgUbFOb7pUhXg,57.480999999999995,True
Expensive,tNuEWoMVldU2zRvYkKqEZMPM_-DeGuiMZEuKuBE9mWR8-_T6-bRDC9XrfIw7GjgiYH-Ik9g7D9dOgw,53.14333333333333,True
Koniko,EWHaC8ZbAWaKHDkNINFiCe-wo8gcjZHhUMqE3HFTwLVixpG6P4Jmw3xkCePvjrIWhBjdzw0MPzD5oA,53.134,False
Fullgod,_qAfbyAFT4ydXaz1h5smXJr9NUxWm9pl20XK0UY4u6udWutV7HcqA1bd7Cz65NNQ4EwTvMGdv8iE1Q,54.23625,True
TellMeHwei,H8aWaBikydAhkp8tlJBhaOxqNStqF7qyJl9LIOybyE2liEjK1rw9vW9siaJySlDpr_t9ExNC4V_1Ew,51.277,False
Yoshiking123,8fY6aghWbqU7LK-UPMUG-uqIbBzbQ3I_CTmdW3--lsNNls3T2sroAh-iDP8E_Z6daRiWPvncaByrOg,45.12833333333333,False
Diesel,s_5RGHajatHkXIA_2UNjbIbTo4AJOoS_3W4T9DQaNV48v1_XXKvdOv3poDIWeDhDkr-vkgukXZBKSQ,57.19275,False
hyattie,nh2n_x2EdKVR0-B0h75fpD0rjqJLuDyzhoiqyNM4lcFhCmtB4JUR7UUaM9qQnjJFj0nWRma1PQDzYw,50.441,True
Shiphtur,abGs8m2Xj72BNAdf_spZz-rVUdKtVtB5YlRIMUd_t1EcL-izExgDiPVte5AcZ390pjugmZe_JZyWjw,56.40025,True
Gabzpiano,uo1f18iA96HbahSKl_ya7pgyBw9i4UgGH8t8wK03zldimo_Bs9p8nftvQAP8hnogsSJczgG_BRFt3g,40.15233333333333,False
aadurrr,WoOrb1oZc6DwT9zDdBl3Y4azofrfZB9FQlMp-OcJ9PYZk_KlgM4kPDiwUFz3hfKQ76YSFx0OTedwWA,53.571,False
The Humph,zJkLHiZfuAbgyobwL-hLrLPwav0-DdO_ZRHdg9XKlD5zeasWKZgPmB8zaX8gRnj3WJF3n4jMGb3zjg,42.952,False
LF Cute Kitten,nWnenN0TJYhsu3xbpn8yx6R1iQ_8D6UBkZ96XH5DBxQq7NxfeQquSUsb5m-PCc1oVIxSvkIN6IP3nw,50.83066666666666,False
断剑斩流年,qLIlfQIBG0CpZlZNhX-6xPxaJ_z4WOSJ38zTLB_29j6tx6KwjVYFXgSIVAQOcp3p4x6cF0Jy_V5plQ,46.76,False
Different jungle,uXQdtamFllCmlZnJcwX7f4APzKlYOHcusa2EVPkGl7KLBLL5kbKhA4edO39yMxRisgycun1QXl_aug,49.05199999999999,False
MeAndOnlyMe,w7_7L-OlCugOir-0F2mXla_iOSmt9GnaOHS0524DP2vW-UumQlC_R3aS2a33KcP-AxmhoYAKR93AkA,58.392666666666656,True
Cat GPT Yuumi,SNRP6Yx3-b4oAB0RKiyywtIaNBGOtq3eU_t5dfiaN9pqC06OnZKk60z8Gw-CgCG0ephMl2VFUWjzPA,52.12766666666666,True
CRONENBERGCRASH,hAP34R9kx6G0Xlr-bjbSutIhbkarWipUN4ce9ROQCgQH1dKyZyO6W59viA4StJuJGnsozlEI0jGbWA,55.504333333333335,False
Pyosik bestSmite,rv18mf8CXDfjVzKp4dbaDUjR2JrV_81vs9tSZlbhdAl9Zfv-7dU4_UBtyXVcUik7DHKHRvwFsq61wg,47.872,False
Kleptomancy,tw9a--aDc0_KmSEqTNGdYNO4KYbBNHogLk4Vs0xyeAdcHnY8hMULzKGPm0ymJ9Z0SpTtRI4tBWJL5Q,42.8185,False
Honks,7j-eEHMdonHbV4nhMHFHqjdXEKjOI0VwyLWun6KsnlrK3M5GqX5vBwW5W-XVEv_-JTCAskWYls36lw,37.855000000000004,True
T1 Fekker,orYizK6gFtO1sJmkDiGzyHbhk3ouZj585BFMPbAb5KETaX6ipz_6FualsBjHSvo7Xkaa9IsZX0uLIg,49.589,False
SHAC0PIUM,MAGwBWIqetg3sR-aDwzluKbqj1fuvWhYFZpciW4dyAAgPLt-nP-M_-dStAN7bT6tyKzmvVWJg9bLDw,55.10739999999999,True
trymesolo,o_bfpmjgUnWbtZHK7_Dl_igxHMpOboJfZYstkFtM9oDiuM1pg8j9hJOsGIzZy1pcxQ96UMhyY5MYSQ,56.59766666666667,False
55ms,XE8M6Dg-vU3tXLEdtHDwndk5l5_dIdduCUqzUzvejS7_7VIx_PYCi_kiLfnSOypDqVKtGeS0gcv-Yg,48.3822,False
Let him Cook,70TMAhQjXl9z2u130w3LNFTTTRwlaa7CToAuT1yC_R_Li4WBEKy7QiansmDC7vfomp1M9Tjn6AgqwA,48.916,False
Draven baka,J15ZRNPetBMycuFmcjTMbkN-d-bJtlJUQhZhef-TjzmZezPisi_lOEkeXY4TirVBr72bhdyN5fcMVg,52.66925,False
Dacnomaniak,52nLyKoEdRspUnwgQIfXmbIXV1QSZrBz8gn89Huq31Bryjht_ymIL04fkUDV27egHwgKrV8qtl-tcw,50.37899999999999,True
LeJax James,5tZBhMeHJNtQadpfRPMyPObErKxFIhgxrjAcD1w7ikJR7zBSLWh9kl8vRdLV4GY4OyfpnB1V0gAz9A,49.857749999999996,True
Windy,LWRx4kLT_QlLHtsoGCZeaIpW1_v71fa3N2MW-QC-pGL-5Bi4t80HMa3p3CYw1bQCXFmi9gWrI3K_hg,47.7535,True
Paladin,dcndYKkTV7vi4dgOTTs78NyfZOL8-HpTrcMFt7V_YQ5ifeyuukH5j6snmVz3NqPsfpx3DJlSblMgNA,47.77049999999999,False
Cowboylol,HJEQwqQ97UxHJC1cySUH6m9jdDkTVQz3eKfjM5pPKTFgqw1u3Pgyh58gj12hSlrH2jU3CHXXohGBUg,51.16825,True
QQlove King,JR9dGju6-3KE7PmV49n4X8rq8UrF-NQXqDMcgcrPGIY57Gz7nGekUB48JI-MhSQsj_hs6CMj8_izLA,57.846,True
yuk1judai,XLY6SftHf9G5ieRzRqO0YsyJlz0WCilETnAC9ql08ymdHDGB5BkpP0sTJkmLjBm0OAB5bBs-fGc9vg,51.397,True
cookiepop,861vQ-2k-qSd1GybPxO8n1MX47ZUAp-dUqma38v6K7uuu9ne6QPK8wEj1JEUsdDkWtMBIBTsOVkKIQ,52.268,True
andysilva100,CJrmYW1_eiztfzWWFVcJDJxwLWtsj1bcIxmNnatxRcsHyaDWizyuCM2pr2_cwQaKQi_v1XgyHjfvbg,48.26174999999999,False
Kadota,rWeARj_ucouVOFbtGvh_hFcyV_U8Pkm8xIt0Yt3SXLU86zjCokjgQq60jprAsQfz4XXAXNDwEL-3aQ,49.5935,False
Gyshy,Q2DudGTJwq1d_Y28v24OmBBhe-7_1RnJK_zmcK-yknG_SWZrtp-K3VOMc-6bxInU7O2dBImg0A-etA,46.64,False
JinWOO,at4pSZnpByrGzooOXu4k7q4_UIU-_K8WBqDQDcCYRfJBFgNCHQAirp6LNE15F3f_rjblr1zskVvEgQ,51.064249999999994,True
Vanguard LOL,LfISn6PZyOvgi-5ljQb8RtlSzoF7WdM1yEMGDa2HjbBN0TaGi1e5v1uIzgBR1jKpH3MyE6_GVxl7kg,45.97833333333333,False
Kugi,-04bYnB7AvPDgqgqOIm-YdMVRktOK7gTnLBGzBrhzQpz8gQF0lJ_UEAOwyFLCHmVPdDbwjWwdMPIlg,48.8396,False
Dantes,09GC6-n1-lwpnixOB06iiMDDrZYMEl2Xxa3JloWTH8EFFNzCWRiP27neIIsVSa6vmrCH15wOem0_QA,45.974,True
Daviina,HW7gcdiZENQvUZPVSEEePY3M7XKO62Mb_2bdrTQNF_k2_n6vq9STlaS083LRXIdrkVEiaxiUgdBgZA,59.387,False
男人说话等于放屁,sH4NaAkJ-5XoEIYKsZCY99HTq7JC4cmG7KI2e_xmn2VqsN8II_yPG3v_2wJpB9hjggBMjDyfNCPX1A,50.0045,True
T0mio,eo3lFLlEqDLBTcVH0bOussnZDWHYD4EF8KNmFm1hegdidA7DHTHwEJqSAz_D-e6-wYfbRQN3o1RixQ,45.7855,False
Scyrnn,OPGzhMYKCexmE0muCf2yyoGdnBRHARbLSMAquHcf_qeKpkVVqt_dPLaqWa5oaKQwHBnGpwIEtY35mg,54.63549999999999,False
BLAST DBOL,xHYOR9thrtCi4a_nQcS-Ws9gA8685jkyQxKjMirgL8WSJ3ajneUGpJesJMHCQ0r9u1wg_pOkBo7kaQ,48.90874999999999,False
IIlllllIIIllasd,r7Cyoo7JGgbxKtGSsDbvnSJa6CXApvJ_W8kkOsT8AoFseb50gZUIX0AWMoNGC-VKRoV6AoJWfkCROQ,46.771249999999995,False
MrSubotic,60qXeV4nVb2V51zHt_RHUeJYylAW--WxvwCG8ERZxFItxlgMP2P7hBE-flQVajt0wzOm-3dTvcH19Q,49.488749999999996,True
Christian S Lee,56zdMxPuUs7Cm1Xnwm3I2EQgfUlqsMAvgYoqO-KSVCBdGYB97hSZ34dp4xum48UpYAGBWqKTQHS-rg,50.165,True
Aaron Song,zc7de2bh0pkm8tyREnjzSEonFIF2qq9msBBqvYktlcMcvi12q9OYzkXHgq48AoyyHeH-I0d4KWUeZw,59.004999999999995,False
Shadula,EkKgFOhfLrnUX6B0ePg4BgB-roOcN1DV2mtE3a8Va9wIJVVF7Cx0KE8ucj8wJObjzqni1ykBgH_Y8w,59.2435,False
Cathaldus,z-BBWsD3y8TZKyLLQ5fQsdXoXO7mSncP2sEkTuyZmZCKy2l-HKTOcAQv1qPuHGXG57nSunhXwYTLdg,50.25725,False
DIET COKE,rgpn6KJ3vQa-Q-AGI94sFlytV___Kfhpg8y_3WWTJDPomBORWdpgPVWqCJqRk8pZEnlSKoR47aoQag,50.8155,True
あいみょん マリーゴールド,qB-5AiFO2wztDUSgPhRbU-LcALWTxMpqDzLyFk-FWyjTvKH5yNql5WqVG_7f14BMGMmzfR5wl5sN-g,54.879999999999995,False
low priority q,jeSDiOo3DSkMruk5p0JLkERrHxUEXmgweczsISYrZNeh2AvASsdkT_CLfc_jO_bAtFfape5orZQ6-A,46.019749999999995,False
Мeaniиg,FGW0wePUMiCdbYTEh2uxkxW0b5qUkTftqNSMbr225lKn8BbcWDhUt1TeW5szx7DMSDH7y6mhHQLGAQ,44.75449999999999,True
Doojeeboy,0CaOHC6my84dJCBsScSlGEZtgqKjslefn82h3h5tkBdp2f5vrFKXb5FFGUZodng4rR2Q1g6NLL0MzQ,48.812999999999995,False
Psychopathic Top,sm0OawQONC8H2RX4SBBOPS5LtaxvaF1il8SVgdjZ20y_WeRQt11itTNbcE_RrVA-_dJ6hh4lbrjuNw,46.40299999999999,False
JamesBondMeow,PtVnwp5DprnepTnHfuvAaFTXFEvgchwUpiugisNrb33rkscFijIvSzTM2XpPaUrp-NarnHOfwemIeA,51.64466666666666,False
TurtleSing,NsK65J6g7tnA5nWF31ybh2C8mtF9VVqH6tw1jIrHOQWr7x6T5-2FLTROOlGSXoq6vUMe42BTp9mp5A,54.17959999999999,False
BestSpeler,fpkJ7vlNc7jnoyaKY6tHS7vggNQiRg_XVGPIIyTEyoa06iAI8bWp42Mwq1DlAAqqvlcwR0GVgZepUQ,49.41349999999999,True
ADD ON WIN,yezc-G43Zfs3-duGLBQMYNrDun8qwctppOMvPxxEUr-fjOj0-IxvyWWBMKMx_rrs8WnXb2lYhXyq2w,51.434,False
lightrocket2,Mh0rgaJOSfrLNGg4lo67mCEDGqwsfoWJKUFqBYjy25WPM_B2IUZdwylocmGJhKBnVk4tsxPY672YYg,46.32075,False
Wynncraftian,7TCShksPSTgW59wybfwgczy_uuXsjoqLlLPS47JVFa9TNKXs97-_jNGiWKQE_B3Ay6rQXalpPutYFw,56.96974999999999,False
데니즈,XPgtTlAJJ9kRZS9o3CbPJ6rlQHhyKZUyOCuNi_PKoLXNCCfF_a99iZOW4AECbudNSbMZRWRkxQ-j2g,62.33299999999999,False
Kral Only35,QzLLyZVCnUX2mk6shwwOC8KBnHXMZAmU7p1oIqk1YmLKSgbR8n8l4XvpSO24qqsU-paM0bP7YVQVYw,42.1555,False
xonas,VREIST8hEicORF91wkGJKiDYVyJwRizgAl11-iCXIyR2abdsxxHszk0owphddc5aOwIDmuFhclpgCw,47.15725,False
Zanpah,yZMC86tgSsUgRJ1_qWc-MrdYF90ob-Q6a0iGbhc-9o46z9L794Srg5UG5moYEKxIsRt2T_1tRSvwWQ,46.696,False
Xuuka,-uaM4QKjLspRGI-jspCjcL61HQNzRrV4FqEwTNQjtddP-jU3RF9QpoxtyrMOcg9orK0Kbu5R0rEtSw,48.169,True
UzQueen,OhuelEAXUBegqL0-l31z3Wv-1myrjVkYKvYfhkJU2xVsGY1rXBQ2f4gZZDkofAazC6mbsCGm2JrCEQ,46.89699999999999,False
JUGKING,U9oQWZHGRqOS6NYW-NiZHNEOVkgVo6lVjpPh8pBe6N3a9ouxZfX3Z5xh8cDl92vwDDF9YGSTnP3ROA,46.147999999999996,False
baby guma,JpMVtQxhG3yDlC0_khZv4CF4TkZcvvjapw3N5PrCADXQ05n1m6nAscUZc4BxfwYyTJMO4fh93Eo_Cg,48.895199999999996,True
Groszak,66ck7ujQqBGmqbn4RGHfTRfn1-stAhypKACAkmED82QuvxzlWZ8PjXfTE6_mEWyFzsK7xPFTJfIbUg,54.95475,False
TL Honda Yeon,XvlInV5B2Q34APHpXVKuoHA_MNR5Bs2QA2m03hffThlR4k0FwYtjWTFEsaZEwE5FQX-rUNEx-o3OqQ,44.9452,False
Ralbelatadd,4lvHDvt0I2uVd2od5UV1zi0ee_nexbhUDFWpkWtk44yVELCuZ9CXZKZcgpvbaXkhybB6tG2q4dRFCA,52.81175,True
Barry,cR6uiW7iStiIh0elPLkyEfrJ0WRduGPpckIfpu_VAShu7bZxNpO8Wb6nvgJs8VlhP9yPd5VMTZvSxg,57.460249999999995,False
TTV TheSlamboy,z4uM0p0w7SmPQDrQUj74osLMsoynShEIKkPkqJ8D4NkX5lCyPU624b_RaLQhDJ84Jjq5VisAADMxyQ,54.2175,True
jon osterman,ETmEzYu832EAh_UcrWGMG1112-ZYEYBk_j0Qh0z5WgthhWvMD9zYjWAZAio5H-IcsXn0wJJO4T0y6A,50.129,True
Keshawn Robinson,WCOQ6VRAv1qkKOpZkTcpLzQLpiyp-BQSYNJ80xfGHQIzmecPtKsouIvvTXSzPhwlJ1Uf8_TLLymutg,57.3,True
nicosoccer11,-TyUKYHR6Gasl9IXvGxl_lsXrShL2opamTbf6d448hupNKynlOGLPMcH2GvVUqbA8XSh-QZ-6fmwww,58.93966666666666,False
silence,ZYGZ3ZJW03qeoIj9by1ebu8blF1qYRBpV8qThkjFmp_nHSDYnZl49eQC9948xg5bmFgZJE_NDSGDJA,48.64679999999999,True
Laserholic,Grc1j-iOF48nkZNNWk7lS4Rr6BPfDhanUH6Fi9uR39W2CydHCNbxGVi2wgi6UyzKC340rY0GOrGB_Q,51.717333333333336,False
specilgamer982,Epqj44JDxqkqhCLOEkVcEn7SFqZEUnS2kcFkqC38WT4Y8wXldaQZNCXF3p7AiSkZI4c-x0tWnuyo9A,55.37966666666666,True
I am L10,xZFxehUMI1mKAsu4A1JEbmdtGzNAn7k8WX9LvuGRX_-oWYSX4eAKWZM-BFDqmnQIUKjBL3zFVZy6Yw,50.754999999999995,False
Daniel Shin,BdbJ51OwEDJRbg4sstTIIHJaEPfh-xQP2keqoeX2UPz5Qmj6J6BHJzJ608KR2gad7sugWwj29VI_5Q,51.7362,False
pls flame,4HQZCD4gCwuKTW_QO7z7XfsD5R4w8BzUdhRTSzSQkhKzcoZ4WLvJdYSgopfOv6sVQcxyjFpRkf2vqA,53.3335,False
HurricaneMan,tRzyXKUDpCPdubBjnScdvrzXPQOP6HvnLXvvY4-ti0XVxl_ccpkRTq6mushaWueSpvAbtKD3MemQ4Q,43.7885,True
ENTHRALLED,Srbh0iXEFCEPyi16NkVvNPsPEzss8vjNaY1aeEPcOBjl9cpgPJuaW4fhpsfQileYNPe9_cuNslhqTw,52.96733333333333,False
Hiccup1357,4WGSz68-JjJuhbGm8yyjXX7mLDws0EYHyNTAGvAbMEsz5NHPhlI18dNGrziS_t1jL3HX1uetrTByaA,54.77166666666666,True
joe jg,flKTkTZ6VjUdu288bfIJal8uKExYSVDqPCfL4JzUeUpBPwVGC5UJlkv6eTyBskLVbVxKn_qaxafQHQ,55.616,False
 cyberviking21,PpC79q-4jyAeIR0UcOWL_eOSINgHq5TkWQu3qW_Cwu_bkaXAH8sh4XaRMIlLRPX1C6pCk4Hu8QKwIw,52.285999999999994,True
nooneknows14,IEDA1lNcIQxenKm5hU7dgqHvL_SuAAMFqnzdT7n6eiQaqLNLd1zLiKaxipOQ_9U1lyRDQh4dGta5KA,51.154666666666664,False
WEAKSIDE WILLIAM,8DIRPW1aRR2uMMm5FlDlPxriAB-Mv_CfQeY_Ul4O-txlBugzR0PdGT74rlOoHuwvCkPWpKe27KOONA,47.617666666666665,True
把爱留在郑州城,jUtT45ie3Qt73OJZrSvOS_UrKReyAiNW352M2tflsIZ7GxsLaUrjuNIsVZ19sIutu-FZ1Zgq07vf_A,67.68,False
nikki,7yMLYIJGuT_39cxhYKfiizCviTTAsEysSYfTZKa8ilqpYOutRmB4QXRwEguwhxAPMqWuOT7AqSG-lQ,54.02466666666667,False
dds,M7VwDR2Pom2gR8-Lxqzkw_JVu3GprRJ84L8ZZKEoev9YzFOgouOOkdCeJ5ISxvRJ2wJdlRuIdmMzJg,55.127,True
艾欧尼亚的风还是吹到了美服,UhGXeyPaMe7iIsHgQS1hNte8Mzao9ZcQ-Ycm91nP5pi7BaN1YFH9BfS0eGZooidrCHfm4luxHgHRrg,46.2375,False
IAmBabitz,W-9NW7SZNvqsQaCOAzhOOSKFv3AhFO5W75bwNlaIlA4b__rU-Yobdju-SrdqWwFO7lSio6SnzrEvtw,51.333999999999996,False
evandabank,xcfS5kNVaxYPK19G5O1YXW8zDc7FvRvqCpfeHY3IXxI_mnEoZSe9yNN1AYDP0MjeZr_wwqbEqCALgw,48.023666666666664,True
UwU Diffy,BKNHzsm3onPeM9SLfAqAoLPAWCo5d8x5gPvtFBuSO3SDl92f3SLWO88z9RBF50FCScjHAfJmrOAIcA,46.864,False
Merfölk,KxVbvgA0YKbga9OITefQ8Awl_KvCcBkQUTHdXhiRHg1PTichEX6YK3WWr-5Gwz-Ga16pUa8lbjG6RQ,36.74366666666667,True
Winston Sniper,9JUggvYEmuDoFvC03E942lLJR0GmSp_dDK5CoBPVYXA8MghfEJcyuIOFIZfgENu7KKdhJAUTHwuU8w,41.22233333333333,True
Cancoillotte,5VLjCAqWnO3mWDuMhtJKB13gk_sPt8-3JCNc8etml_3UmmotImmNBZZ6Nm95bMpb7miybo6zH-1QAQ,62.409666666666666,False
Anubace,Djn1RA0bX1m_U4rh7U_94nvwv3GVnpL0tNZs4JOWAuhaRwIHs6X2xdv99Og--FiQP5AHDAAuGIVzFA,63.8995,True
A Wild Burger,RkbOTmMfWhtucUf9rxh7M86fgiADcngQX0xCX-p_MZhf-b3qaRvfbhvYqVHF7fOrGS4rlnYaLfdg4w,48.10675,False
xGmoFelix,OXqCV1-OqbuWYh_p0LNzbO8ypzmZmtysunMG5DpbCCZIKacHoczoUqGA2R_dRoSywC2q_aXcbL0yTA,51.70799999999999,False
CloudNguyen,RkeIgy3W84aJADtRZQ72AgOFAoyAZon-ZuXafzMD2ZLJVtbnK-h6tEw-aRGCvpj4ylEnVCDzRK5m3Q,55.226,True
AoJun,kR0TdK7ZLv7XFPMH8YNbHZlaOQMZ4n1e4QhbXhXCe47q4-uPwL8y3rRkTtUkF2RE7KOB-lV3kY9SUA,57.64,True
wun,OcAWG1hmceTozuzCB0FtbETvyxToP_5eeMU2Vgb-UawtaM1umjLoWrp3n2PT8nNzpu9pwrKwDwzpsQ,54.646249999999995,False
berry,YD67tp3TLWKdn01TuFDckhRLj3hn_sPHd1GL-waL5acWgWP2i57Hj8OLTukGU9posR7uXbmwUEuTQw,53.90249999999999,False
Moonl1t,G5U7fKgJxeo7tpM2hHSW4InBFhD5RFE6MeTtsJ5FfAtjb2AHJuEGKLpX96uf7-NN2Jd9khU_8ku-Pw,57.19275,False
ammgbcg,TdRkbyviRJmP69rL640vXglvf9tw2Nyn5gt_dUkN8W2z-eElVokgtVZVKLEPxy51fEPTBGKMUxwE7A,44.2686,False
nvhai,oITHgcEf26R0Q_BsTXkAytYPJdwCjJcmtgrDoVnRh_3aLl5N1kuvI4fQa8dkPINojsFapLw0K140iA,53.452,True
hensupsucks,KtALsKhdD3TM5iBIEXm93VKdSSCfbXh7XgIHztRS2v21zPNPLe6S7UfHi8-8nBEX0fHhXxyrsEL-sw,51.878249999999994,False
LightSlinger0,LWySQLR5D-6z3pJ77tojizLNb4GswBdVbrzhABWcmPd7Qxe3IW6AispIjhEM3aTmM439tx4C48hSbQ,48.83,False
Fakierush,KthYqn20H44g9PT2Sw5geqJYHRP95URssRNtHv3BanGqUw3FMRwxMb1bkEQxB0_VS6RZ_yVDgL6XBQ,44.01566666666666,True
Turc,sMLT-9jhlc56TcT87a_1YM5OGwfHRd8eFEoItTz7CqitmKygOqcD5i7uRBZ_IhtLIJtslzemeGgctg,59.93,False
Ego,VEhYIqSdQxhViM_65aZJwUmQ_EbGccYwUhihk7hm3BkQySx0eYecfb-4vndcAMXHq4AI-b_6ASkLrw,57.555,False
时光回溯,ztTQ6df-hoeCIEkthYBOpNM4XJgWrjOXS1DqH2hyY7EkCkkrb6V0MkgrJU6swzxXaSq8MLvVmnloxg,56.17999999999999,False
HolyCarrot,d-Auat-UqP6fhCDF-wmgHhOIw7xzV5Qax9O763xuB9uNMwqDttsw62pdUdLYf-OpGPtBGJ2zQE03_g,44.808499999999995,True
GLIZZYGODFATHER,UirmlCM7-NWhQkumsm_1zYROEPJvfTg8yTpsqb_QZL0EEz38bNSsefzjb0YoTWK3bJlQnmM6T_ECTQ,45.96166666666666,False
Kawaii Aruruu,FTlasIQhSKAC_j2nReRA4HDXQULooWZH2ZlAeRs4k7Tnf2C0D3-6Nb2dUNVzyNqDS7LIOYmV5PTGcg,48.34825,True
pickle knight,Qx9Yhz60-WAwpKVbXHNpm4ZDVIcSwNX28tHtFEc_q-TYFfRLXJeUh4ByV_8QjUogBuMZ0TuSpe0CPw,51.67425,True
Ur LP Is Mine,a6gh9C0kYUnG9gQLtxDTMsJSmRhQ7S45QenevJA3NwVzkvcKXZMijSCj2RvfSdwCH8_NryeLBTa-jA,46.3215,True
ChovyNemesisDun,efV5nBCeFbcKRnDr33GO60UbEBzRAjR4HIZMCp35K85jyVY2nrtGDisUF9t3F7MdTVcJGiq-LGakuQ,50.189,True
Dreydan08,HyWJ8W_ZBO5lt7VLGvWuxm1Nm5TOJIabu_ycBf7BNauJPsu-J66FW3hbivC9Jl7_QHJjP5IoxbUYSA,51.18833333333333,False
Fryst,PcvYZNh10PyAvBogWMFqhQilcRTSCnAmHgQVKiWW9TT453B8t6OTUXeO6VTTdgkm5KCfpQKsPAeRMQ,54.193749999999994,True
o boiii,RmAIt7lX7feJlnPUK92DXtWaFZ_o1WqufZzYtP_0Yqxw94XM4E2GUuREB4eS-1UB3FCKn6yfCiUeRg,46.65566666666666,True
Manateê,QCaDktt5UvDn8u3qKpGVtrT3aNsAvPHUm56pFrXLovmh41DQAOgsoAROq8IHnQQ0r86Y42AGJXL2lA,47.666666666666664,False
Chuckching,XKGTBeiiNxIgHCd8lAUOAGsVd_U6wt18bK6ZozQqdRtVW0OG9Elfh8-9Hi3vlxzYl7grj1z8wVCirQ,47.05966666666666,False
duoqueen1,dmgVJ3JI8xymujatfMgPKWiMQ79reUg3SCFzXBZXLQmY7q7xI_hygxXLreePjdcKs4HdxIK9TZXqxQ,51.54966666666666,False
Aslan,JwaHbXsRQ0icfHbIjm6ZCmDurZoFDiTZ9Xm_HiFZjZv-h0ylA99814v6U6V1M6xxHYTlL1hfVCorAQ,47.7865,False
Mayv,tNgKnEsWD44zkdnzut5x29xTTE7iWFtHlAQpKAn-o2tmhAU35x0To1mY12zYyP9j_boxZ7U5rjC_mg,34.821799999999996,True
alpaca,egNLxblKqCpylyrQNpnoHyTqlf8BZhg8pv16WcJ5uyhY3bNiux4UvIoBDLL5T3Oy0cDA6RlFa_2Jzg,39.228,True
Kwang1,JLsyiX0c3oP-tfRGJQfneZi2gt_o-FLpsE67ZXjIO09iV6L7ZGpkp7YI2tSzIFhzA4VtIoUpqFFI2A,53.476,True
noo die i carry,mENRlZjNk4jegpZRVCcl_S_sPXqtivJ2f4lZEFeBrVIMGakT_eyLqULnHdbwSU16cohl9qlMdTcHVQ,49.363,True
RiffRaff42,ZQ3oUpi0k9juYFWlfRw7CHps3YzpGqgR3ASxQZBc1zb9c7O1keNBsy-YL-EtZw4I5HnSarF4aiJ70Q,46.589749999999995,True
ramPanTphOeniX,M3TuMFMABpIXwUXd6p8kkFxTAQPEXMX_RTm5wz5z99WslsUbJ83iRFC-LDXJmuTtyP4D93cgPfE7VA,52.05,False
心 雨,x_c2b4XBy13K4p16KJrrK0jxaHNmW18ra2a7WPW7uAopNEDwFiTm1AHEXoc3I80K3uIQJSY5wk-maA,39.908,True
derakos,hVJZNpVzxRAfhrfedbDbLG_lI49JVVjKYB7aNbIqhWleauT-Eph5IDxE2JovEBUkDhHRAAO8q0mvAw,26.429666666666666,True
gogetter52,JwzSi4UuHZojZgYfkUTuTJLZt-6fX2x2NDIZ0JMnfdaYBrW2COmp7RxEEZk-i9B-E3sv-WK8gShq8w,60.248,True
1105 Love,Rw9jicqryclFW169BJei-XqPOG6E0FrXMRKjSwSlZ6MxhajJOOKZGjjGC0vZfRGU3LqZQoP_guOcxg,0.0,True
favoritechip,2LSlIGWG1m7VKcp6uOLjZ-TRznPVugEgyTixfpdje91MytCKpJQNi6i4i9-MvXWAE33xSUsDe7pHMQ,46.519999999999996,False
DroppedMyBolillo,rjWAC93-i2gOi4OVqHyonUxeZx_vkjOGB61A87xxhEB2zXQyCwn4rWA2Hr-LkwF3grxTPt2OBvN5Sg,51.8535,False
Fright,sGSG5aT39EfF3Osxy9kjV7MqsCwJKvv3cH8wBfiq2Jxgi53BTdRSMj6IBPvF9y1IFjB5h-cQtqbhsA,55.7075,False
Akuma,WlUr06aDhMqA4vZBNMjDJIG2PN9_4PcFRwo2eYReezfrVIHlT8A9_DCtUh6N_ibVJmqY8u7CiOHMGw,55.111999999999995,False
Plouf,gawCuCJT9nnmD0Lo2k--XYSkPf1GvRQJOdXKJdVmLKB44KiW2f4_TcKRVKP2N-Nv0sgSzh8POrmkzQ,48.57233333333333,True
Alan,L41vMdrmTNwWDzveXTqZyrjWAvgxPGNvQzSIykZVlL8GAe29W-fjurIECgYVcs7t0XhJ9X2v53fJTg,50.09,False
Dewey,llBRLFuiOVLwad92ad3x_0ONU5_ew7zFjSNyrRDZco9pDDtYExiFw7Vep-x1cH1dvHr29y6lTRak8g,47.7335,True
Cappabarra,Tg0drAj2IABY0Jx2hBJTYfZx6_tFXF6A-aNHCqi0_jizArku6avk7vFK5SaKjZWjUo-JEo7GBqOPJg,43.83175,True
thot kogmaw,NA2eTpec0eREJt2qgjPSTP0DtsrJgAg9KteGV6PDaPAHMnx7cj8f33t_n0HuwPm1pOpL0FolKP2F1A,53.929,True
ForgotToPot,J2ulpAmehozH3yyk5_6ZY-ibV0C-sLuAFuuf66xGHMCSEzTv8A-spkfZAwXK9jEL5AERX-W_fhgBYg,55.28666666666666,False
Shen Hu Xi,KY3v4NzHNDveVo9-jTfskOTtmuBYuBvQm4Mo5nm9Q11GW5vB14Jad4bN1Rxox-XQbhVhjarsnBp75g,49.912,False
gzgzgz,jvRS-wt8WNT6V-fjzEFxER5AuqcMXtJ3aUZFCynrS8qvY3t3BGJUkhHWQXvbKNbyma1XbtfasBdotg,48.018,False
CCTinsley,GAKzY3_SivDTEhzVpRhoPxoFl66Qn074pmp5qD9Fn9mKBvRt2evyMDHbtuvHDYYiLuro0ANYUMQipg,51.617749999999994,False
jacozy,gn9_WllOrJgfvQZXtfeE-BTqEd3khhXbqrHQOPERfHvv6jfuRBVIt35vl40XxwXjIjVL4Yf1yLD69g,41.70866666666666,False
raindrop flower,nTD6a0hTfvJzT1ghPX8n3ylp56KybYSKLZsgvXuOaihLpjA_oL_U9DNRg79BUmgX0Zjs_rnZxRPTDg,49.06575,True
CAT GOES MEOW,CYTMkpa7X_5IiJpvpbbzVDC1lz1x-xmnM89UPRWi8XNyHl2rI7cocfxfxHoykTwQO4YWRVwIUUHwGQ,53.08133333333333,False
Summa Theologiae,gp1cvyZ4jFHnS_3LfEV169vRdoKZcwbvUad7AcQCrA5z9SYLRbxfkzoe8p_shGqU_afbUJk0bysuOQ,48.72233333333333,True
Chad,uyF9rVvhBiXM1I9qcn-OICR_abmVvfuZAuE1by0CwdfeToQfZ1-fL9jpYKYfqf32iWRJxGe2JNO0EA,49.712,False
Yüksekçi,DLCM6XtzGotxtUYShN0guV9bMUnYcahAYAHRjXIFIc-umjjrEqz4wZXzudYb-6o8Odcyg23QMV9kSQ,52.6005,True
Zythnn,70jcb21oQSpMvDipJSc2o9eqRXUJOUc4SJ7i3OPzw4rPjGQehfUPkhQXDqXe4U_JZ-2gY9w1IpSo4A,50.45,False
SaeEleisaTeraV,RcMhoXB2eXXJwP22mi3zNVXkN77NI_0KEq3tOzqCn5OAX7M0tEgnGnkyW0KRc_N70n2v1j3_C_igfw,41.28825,True
1GGGGG,n-2ZRuCEntr_zry1Z4EstCy5GzrzBhdF3AvbX8rUwbh-ykbvXfd1S9VsAOTz1zeQO_VETa7ZkyxB3A,45.635999999999996,False
Cole,brRIM8zQJ_vfws5sVNbHWGWkz1F9dP-kef6AUTvm_KKvz4TYNTG-2XbiR5oAnZrSlmBrtR9g9uBG8Q,49.449,True
PVS,MVTzcGtcPwksKGQpulqPuJDxc_YHyqTuecN8BNIIlxXPWHfRPeJYX4H4My0pyb1Irn9y-88b6jVUcg,52.819,False
sad situation,qva3qUeVhe260is8dtWofadH9wC-zygm4rH7vnwX_eFrW3MO60pnfo61Z0G0DkXCPheUZqv-A6nHiw,55.519333333333336,True
Mandoo,OGC29xYZoZLS65OW8puVkmEPPOapLZ3i7MxVlBdsNChw2mP1o-79eIin0wraoEofbQVPhXpXgAJPww,53.326,True
FinleyFionaBabli,m7dw7Ev7HcobMtUoBNhhvEbtjNnJHhA_jEn77lYxUxgmnu8tOvrd3EIUKmDfEUFo_3y_Q9N4skpziQ,40.05466666666666,False
Chompi,TOaNM5xJyKtpblmKNCUtXKtj025kTJMB5b9RsLDbKFY8R7ttXNwGbpueRt2kw7e1WelYTamBis7qIA,53.8225,False
relegatedd,f6Vw3evnk9ENNc8NucExXBwmZcE_Jhr7T5247A9zgzCoP2n_eIe75KsjonXFtpd6s6ycdbVBX0GMVw,0.0,False
ttv Pentaless1,WpW-869NrQb25W6gxQY_93qZiRUKLIrTZa-3QE7Ix_rXVsjBxL5GmXcSje0P3N46ubonkLTzMRHUJA,50.75266666666666,True
Buff Bard,14p9oUCcR8u4-910rcqTI9VtXaRSq_vfXUDGy1Gzf2dHhm0DiFhk9UwaIPFOi0BeoQx2leaPFhJtgw,50.018,True
LGD Littlebao,oqhnKyF70WO6NYueghHfKsvMsvA1C-SQKNWUyb9TyPI-0G9688q8XyswVtK6tvC2AP0yT7q-alWeDQ,58.342,False
 Novvva,kpfqDZl8Z4HQieoC9gAsMFMJst47GpD4N3uFL_pAEDc_9FNr9Y6IyJFOS-2pB85P0pjpRidFlave7w,51.29325,False
FallenASleep,kqrbjuVvUW5bx9NHFyi1cI2k0gSwlsyWpivvKvJKwrT_lyU-SBjA9rdPhctl8JmbfauTWN8F78A1Hg,0.0,True
Compskey,XNXU-5Rv-OoqbwbvYmlCi6ccfisLrZqvEIx56pVtg6lcM2nWfV0TdlQzfzgB3JEeOjas8cJznB8oqg,49.949,True
Safari,1JnV76ujBbkU2Ha6mley2BxVqmQntXw3rM5RrW2uRRQ14KjgszJBWDa2GTZcY1_ZqC4u6DZngPQ6Qg,48.245666666666665,True
Arcane ßlade,6dNaeNSaOrBIKDdRwKoKPjTPbf2kd59v8S7tBHoKudvx85IDXmtizTxixABwaUh_wRxzLbmOwSl96w,46.69733333333333,False
i like lissandra,uO206VhgD2mVPzG1gco_t1DAXnsG5BgNW9z1DlF3PSjKLXtYEuXKAjuDtDmEfzAp_AI93DS7C7ePFg,57.62466666666666,False
draft bad i int,RsZyGsUG1IgV-kdw_Z5A-xjU1REfougrkHHttxfafJi4ciWEK8JeaL5xqG7Q-272kL2YPSFI-gWUKA,44.693999999999996,False
Marooned,oIH5i6lwayGGsPxu44wJf4MUmb8bGQNc0i_bDMZkR_3Z62BfH3oZUp9uYZ5MNhDUwHUZpRh-tkmV-A,49.03275,True
sad and bad,wRBdl-9nq491O0CK8fsEjLUxEQy1cWZ_Z3OzL-KtKmRXaB3kaUAFOAuaSzV6CEmp4_hL0q-SHI6S8g,45.62599999999999,False
Madura,iE0865MoXeOGMyy8cWc2TpC6MlmoR2ir4R94zqA1v-d5BRr1HP_WHrFShEFD1n1IO2NN6BX80eX1KQ,52.8246,True
Vincent ADgap,WNY0zg17u2VNz5fX4DWExfGNo3z7MjFlQAsPcfD60TP9qM-I-izRtoxogyi4foVJxhdiRGahB76okg,50.730999999999995,True
ANGELDUST,Ys9ylKyWstfK9NxyZNKsAMnRvEVZKP2LzbVkDi4C_nEa2AtKeFrZg41wq86g0nncjQPc5ebLG9lBeg,52.87049999999999,True
Prefexx,DIhKVzETzwly-y9rtKA0IA_2URB2OlCmXjVJmvvggtiHFgq30JHiNhvainQJsjbZxtB4Ln6rNi8pSA,53.9555,False
juumi,Tqt74R2cYzN3gUM910eAdVak_x_t1cnMblqunDepNolilFQng4WaLylE8CaFz0rnOtKBYg0p_4BEBw,50.278999999999996,False
raccoon444,g2KYvuiOo-GQoIeMR5f8h2nje312x1IZdk83tNjIZCRkw5Y2pabZXF4_dK8pccQdze9PX7ZVDzzGEg,49.611000000000004,False
TIP,kKCIqC3ceQlMwpwGzqieK9CxuKkBRgr1scCM7EkVo86wNKa2faY3-ixH1a8t0niy2Y1C77FOs3Is5Q,45.3675,False
SalmonellaPapi,_7qC7aLZHuDBSnozRhsQwh27R9xOJeGMUQSy4s35W7czhOsbksM9hjjXE3gBGLaqZBOGcRer-SjSOQ,52.10959999999999,True
3DC,GSXl2ZaPCgmnn55_MiPayDnUT0z6YQkXFMCxsXJ-o8RuiFhznxME-kW7gKGAWkpB-jPrVOFqsR4zpg,57.6965,True
minionboy123,H-xprYdttBs_C4Jo143W8jFTYrw0FLZQZLLAA0eHTjJ-8y-C2D8FulOzRnNzOGSSk9eJ5f6wPdgkhw,51.053666666666665,True
